{"dataset":{"0":{"kept":true,"isDisposedInternal":false,"shape":[1,51],"dtype":"float32","size":51,"strides":[51],"dataId":{},"id":18321,"rankType":"2","scopeId":11520,"label":"0"},"1":{"kept":true,"isDisposedInternal":false,"shape":[1,51],"dtype":"float32","size":51,"strides":[51],"dataId":{},"id":36770,"rankType":"2","scopeId":23175,"label":"1"},"2":{"kept":true,"isDisposedInternal":false,"shape":[1,51],"dtype":"float32","size":51,"strides":[51],"dataId":{},"id":55789,"rankType":"2","scopeId":35190,"label":"2"},"3":{"kept":true,"isDisposedInternal":false,"shape":[1,51],"dtype":"float32","size":51,"strides":[51],"dataId":{},"id":74808,"rankType":"2","scopeId":47205,"label":"3"}},"tensors":[{"0":0.0005746312090195715,"1":0.17190662026405334,"2":0.08306383341550827,"3":0.0005744714289903641,"4":0.17491695284843445,"5":0.07859818637371063,"6":0.0005747629329562187,"7":0.16650527715682983,"8":0.07814321666955948,"9":0.0003875185502693057,"10":0.18060071766376495,"11":0.08118029683828354,"12":0.0005480261170305312,"13":0.15984398126602173,"14":0.08273357897996902,"15":0.000574562989640981,"16":0.19137832522392273,"17":0.10905511677265167,"18":0.0005742377252317965,"19":0.14889106154441833,"20":0.11083945631980896,"21":0.0005733714206144214,"22":0.20651613175868988,"23":0.1476590931415558,"24":0.0005712963175028563,"25":0.1373007744550705,"26":0.14516650140285492,"27":0.00057198730064556,"28":0.20952501893043518,"29":0.1752881109714508,"30":0.0005734797450713813,"31":0.13659851253032684,"32":0.1781134307384491,"33":0.0005721042980439961,"34":0.18316854536533356,"35":0.18057173490524292,"36":0.0005698892055079341,"37":0.1562945395708084,"38":0.1804753690958023,"39":0.0005590045475400984,"40":0.18321165442466736,"41":0.23215751349925995,"42":0.0005563460290431976,"43":0.15777964890003204,"44":0.23405295610427856,"45":0.00017844706599134952,"46":0.18461334705352783,"47":0.28001341223716736,"48":0.00016319373389706016,"49":0.15589089691638947,"50":0.28616827726364136},{"0":0.00046651531010866165,"1":0.1995326578617096,"2":0.06720060855150223,"3":0.00046615657629445195,"4":0.2026945799589157,"5":0.06395526975393295,"6":0.00046676304191350937,"7":0.19589655101299286,"8":0.06371258199214935,"9":0.0003402754373382777,"10":0.20738951861858368,"11":0.06732435524463654,"12":0.0004053658340126276,"13":0.19083060324192047,"14":0.06655466556549072,"15":0.0004668950568884611,"16":0.21646423637866974,"17":0.08985405415296555,"18":0.00045952192158438265,"19":0.18173986673355103,"20":0.08893704414367676,"21":0.0004648506874218583,"22":0.2258695513010025,"23":0.11669979989528656,"24":0.00045329020940698683,"25":0.17294538021087646,"26":0.12064886093139648,"27":0.00046256271889433265,"28":0.2327709197998047,"29":0.13783903419971466,"30":0.0004549229342956096,"31":0.17681002616882324,"32":0.14493171870708466,"33":0.0004606041475199163,"34":0.21132294833660126,"35":0.1444038301706314,"36":0.00045464184950105846,"37":0.19010263681411743,"38":0.14499829709529877,"39":0.00045101778232492507,"40":0.20789076387882233,"41":0.1887090653181076,"42":0.00045467945165000856,"43":0.18954135477542877,"44":0.18837898969650269,"45":0.0003447642957326025,"46":0.2062017172574997,"47":0.22375890612602234,"48":0.0003732376208063215,"49":0.1878102570772171,"50":0.2201659381389618},{"0":0.000773977255448699,"1":0.07689919322729111,"2":0.11288207769393921,"3":0.0007743814494460821,"4":0.08274625241756439,"5":0.10752864927053452,"6":0.0007736262632533908,"7":0.07160206139087677,"8":0.1070956289768219,"9":0.0007439235341735184,"10":0.09285493940114975,"11":0.11287015676498413,"12":0.0007004725630395114,"13":0.06379704177379608,"14":0.11108128726482391,"15":0.0007754213875159621,"16":0.11066260188817978,"17":0.14876212179660797,"18":0.0007738226559013128,"19":0.05131293088197708,"20":0.1500481367111206,"21":0.0007735211402177811,"22":0.1267034113407135,"23":0.20116761326789856,"24":0.0007448103278875351,"25":0.03756215050816536,"26":0.19412246346473694,"27":0.0007688323385082185,"28":0.12747551500797272,"29":0.23772668838500977,"30":0.000772266008425504,"31":0.030976032838225365,"32":0.23906947672367096,"33":0.0007731128134764731,"34":0.0985017716884613,"35":0.24139201641082764,"36":0.0007715041283518076,"37":0.06013909727334976,"38":0.24242080748081207,"39":0.0006958052981644869,"40":0.0914044976234436,"41":0.31141605973243713,"42":0.0006955824792385101,"43":0.06985226273536682,"44":0.3135957717895508,"45":0.0004561882233247161,"46":0.10440442711114883,"47":0.3589721620082855,"48":0.0004775225534103811,"49":0.06424663215875626,"50":0.37381646037101746},{"0":0.0006062867469154298,"1":0.1769377589225769,"2":0.09145545959472656,"3":0.0006076578865759075,"4":0.18148790299892426,"5":0.08699807524681091,"6":0.000607114692684263,"7":0.17283181846141815,"8":0.08695577085018158,"9":0.000484935415443033,"10":0.18811412155628204,"11":0.09048037230968475,"12":0.00044596719089895487,"13":0.1670001596212387,"14":0.09136390686035156,"15":0.0006042409222573042,"16":0.19954167306423187,"17":0.10730776935815811,"18":0.0005996791878715158,"19":0.15650269389152527,"20":0.10637308657169342,"21":0.0003191183495800942,"22":0.2231723517179489,"23":0.09010027348995209,"24":0.0004884754307568073,"25":0.1305674910545349,"26":0.09249541163444519,"27":0.0004369454982224852,"28":0.24121150374412537,"29":0.05938784405589104,"30":0.0005141460569575429,"31":0.10874780267477036,"32":0.06720884889364243,"33":0.0005824556574225426,"34":0.2100454717874527,"35":0.19073271751403809,"36":0.0005989340716041625,"37":0.16398988664150238,"38":0.19232164323329926,"39":0.0005656869034282863,"40":0.20323587954044342,"41":0.24166378378868103,"42":0.0004062113875988871,"43":0.15505997836589813,"44":0.24289385974407196,"45":0.00018180366896558553,"46":0.21239636838436127,"47":0.28426530957221985,"48":0.0003886017657350749,"49":0.14718398451805115,"50":0.28133347630500793}]}